{
  "$schema": "https://schema.management.azure.com/schemas/2015-01-01/deploymentTemplate.json#",
  "contentVersion": "1.0.0.0",
  "parameters": {
    "vnetName": {
      "type": "string",
      "defaultValue": "Sentia-VNet",
      "metadata": {
        "description": "Sentia-VNet"
      }
    },
    "vnetAddressPrefix": {
      "type": "string",
      "defaultValue": "172.16.0.0/12",
      "metadata": {
        "description": "Address prefix"
      }
    },
    "subnet1Prefix": {
      "type": "string",
      "defaultValue": "172.16.0.0/24",
      "metadata": {
        "description": "Subnet 1 Prefix"
      }
    },
    "subnet1Name": {
      "type": "string",
      "defaultValue": "Subnet1",
      "metadata": {
        "description": "Sentia-VNet-Sub01"
      }
    },
    "subnet2Prefix": {
      "type": "string",
      "defaultValue": "172.16.1.0/24",
      "metadata": {
        "description": "Subnet 2 Prefix"
      }
    },
    "subnet2Name": {
      "type": "string",
      "defaultValue": "Subnet2",
      "metadata": {
        "description": "Sentia-VNet-Sub02"
      }
    },
    "subnet3Prefix": {
      "type": "string",
      "defaultValue": "172.16.2.0/24",
      "metadata": {
        "description": "Subnet 3 Prefix"
      }
    },
    "subnet3Name": {
      "type": "string",
      "defaultValue": "Subnet3",
      "metadata": {
        "description": "Sentia-VNet-Sub03"
      }
    },
    "location": {
      "type": "string",
      "defaultValue": "[resourceGroup().location]",
      "metadata": {
        "description": "Location for all resources."
      }
    }
  },
  "variables": {},
  "resources": [
    {
      "apiVersion": "2015-06-15",
      "type": "Microsoft.Network/virtualNetworks",
      "name": "[parameters('vnetName')]",
      "location": "[parameters('location')]",
      "properties": {
        "addressSpace": {
          "addressPrefixes": [
            "[parameters('vnetAddressPrefix')]"
          ]
        },
        "subnets": [
          {
            "name": "[parameters('subnet1Name')]",
            "properties": {
              "addressPrefix": "[parameters('subnet1Prefix')]"
            }
          },
          {
            "name": "[parameters('subnet2Name')]",
            "properties": {
              "addressPrefix": "[parameters('subnet2Prefix')]"
            }
        },
          {
                "name": "[parameters('subnet3Name')]",
                "properties": {
                  "addressPrefix": "[parameters('subnet3Prefix')]"
            }
          }
        ]
      }
    }
  ]
}
