{
  "$schema": "https://schema.management.azure.com/schemas/2015-01-01/deploymentTemplate.json#",
  "contentVersion": "1.0.0.0",
  "parameters": {
    "storageaccountNamePrefix": {
      "type": "string",
      "maxLength": 11,
      "defaultValue": "sentia",
      "metadata": {
        "description": "The value to use for starting the storage account name."
      }
    },
    "storageAccountType": {
      "type": "string",
      "defaultValue": "Standard_LRS",
      "allowedValues": [
        "Standard_LRS",
        "Standard_GRS",
        "Standard_ZRS",
        "Premium_LRS"
      ],
        "metadata": {
        "description": "Storage Account type"
      }
    },
    "location": {
      "type": "string",
      "defaultValue": "[resourceGroup().location]",
      "metadata": {
        "description": "Location for all resources."
      }
    }
  },
  "variables": {
    "storageAccountName": "[concat(uniquestring(resourceGroup().id), 'sentia')]"
  },
  "resources": [
    {
      "type": "Microsoft.Storage/storageAccounts",
      "name": "[variables('storageAccountName')]",
      "apiVersion": "2018-02-01",
      "location": "[parameters('location')]",
      "sku": {
        "name": "[parameters('storageAccountType')]"
      },
      "kind": "Storage",
      "properties": {}
    }
  ],
  "outputs": {
    "storageAccountName": {
      "type": "string",
      "value": "[variables('storageAccountName')]"
    },
    "storageUri": {
        "type": "string",
        "value": "[reference(variables('storageAccountName')).primaryEndpoints.blob]"
  }
}
}
